{"count":1,"self":78.8860736,"total":78.911788,"children":{"InitializeActuators":{"count":20,"self":0.0013779999999999999,"total":0.0013779999999999999,"children":null},"InitializeSensors":{"count":20,"self":0.001759,"total":0.001759,"children":null},"AgentSendState":{"count":3252,"self":0.005188,"total":0.005188,"children":null},"DecideAction":{"count":3252,"self":0.013607,"total":0.013607,"children":null},"AgentAct":{"count":3252,"self":0.0031769999999999997,"total":0.0031769999999999997,"children":null}},"gauges":{},"metadata":{"timer_format_version":"0.1.0","start_time_seconds":"1664680507","unity_version":"2020.3.40f1","command_line_arguments":"\/media\/kmd\/c3e655c4-c11c-4c3d-bcc7-c288ae1543b9\/2020.3.40f1\/Editor\/Unity -projectpath \/media\/kmd\/c3e655c4-c11c-4c3d-bcc7-c288ae1543b9\/RL","communication_protocol_version":"1.5.0","com.unity.ml-agents_version":"2.3.0-exp.2","scene_name":"Formation","end_time_seconds":"1664680586"}}